Version du fichier;1.0.0;;;;;;;; ; 
Type de données;TEEY measurements;;;;;;;; ; 
;;;;;;;;; ; 
Echantillon ;clean_Ag;;;;;;;; ; 
;;;;;;;;; ; 
Energie du canon (eV) ;Energie réelle des électrons (eV);Charge échantillon QS (pC);Charge totale Q0 (pC);TEEY;Ecart type (2 sigma);;;;Opérateur;AP
19;10;-318.601;-1878.715;0.83;0.01;;;;Date;30/05/2018
29;20;-193.747;-2164.23;0.91;0.007;;;;Pression (mbar);1.30E-08
39;30;2.43;-2366.459;1.001;0.01;;;;Température (°C);21
49;40;295.463;-2539.75;1.116;0.006;;;;Canon à électrons;"Energie= 1009,6eV; Source= 1,299V; Grille= 24,0V; Anode= 150,1V; Focus= 0V; Déviation X= 0V; Déviation Y= 0V"
59;50;623.932;-2692.549;1.232;0.01;;;;Méthode de mesure;Pulsée
69;60;943.257;-2813.884;1.335;0.012;;;;Angle d'incidence (°);60
79;70;1249.601;-2906.989;1.43;0.008;;;;Commentaires;
89;80;1552.945;-3024.645;1.513;0.01;;;;;
99;90;1822.269;-3119.083;1.584;0.008;;;;;
109;100;2088.329;-3201.033;1.652;0.01;;;;;
119;110;2328.01;-3270.738;1.712;0.01;;;;;
129;120;2548.2;-3339.905;1.763;0.009;;;;;
139;130;2776.959;-3393.744;1.818;0.012;;;;;
149;140;2988.109;-3494.229;1.855;0.01;;;;;
159;150;3192.992;-3545.731;1.901;0.011;;;;;
169;160;3366.808;-3591.368;1.937;0.011;;;;;
179;170;3530.32;-3667.57;1.963;0.011;;;;;
189;180;3699.436;-3706.383;1.998;0.011;;;;;
199;190;3850.26;-3760.814;2.024;0.011;;;;;
209;200;4002.664;-3811.191;2.05;0.011;;;;;
219;210;4128.743;-3837.428;2.076;0.011;;;;;
229;220;4242.613;-3891.859;2.09;0.011;;;;;
239;230;4366.438;-3929.265;2.111;0.011;;;;;
249;240;4454.229;-3992.209;2.116;0.012;;;;;
259;250;4560.56;-4033.25;2.131;0.009;;;;;
269;260;4672.278;-4077.349;2.146;0.009;;;;;
279;270;4736.673;-4104.694;2.154;0.008;;;;;
289;280;4829.539;-4121.222;2.172;0.01;;;;;
299;290;4884.162;-4170.247;2.171;0.009;;;;;
309;300;4947.811;-4188.77;2.181;0.011;;;;;
319;310;5035.186;-4253.611;2.184;0.009;;;;;
329;320;5097.823;-4271.365;2.193;0.009;;;;;
339;330;5126.934;-4280.201;2.198;0.009;;;;;
349;340;5194.815;-4337.227;2.198;0.009;;;;;
359;350;5226.54;-4359.879;2.199;0.009;;;;;
369;360;5284.233;-4351.226;2.214;0.01;;;;;
379;370;5319.376;-4399.794;2.209;0.007;;;;;
389;380;5343.218;-4431.492;2.206;0.01;;;;;
399;390;5383.88;-4462.652;2.206;0.01;;;;;
409;400;5399.787;-4463.115;2.21;0.01;;;;;
419;410;5432.471;-4494.563;2.209;0.009;;;;;
429;420;5471.835;-4503.845;2.215;0.01;;;;;
439;430;5476.475;-4534.393;2.208;0.011;;;;;
449;440;5503.208;-4557.308;2.208;0.008;;;;;
459;450;5518.087;-4562.639;2.209;0.009;;;;;
469;460;5544.003;-4589.013;2.208;0.009;;;;;
479;470;5542.093;-4605.339;2.203;0.009;;;;;
489;480;5573.506;-4638.027;2.202;0.009;;;;;
499;490;5581.503;-4656.77;2.199;0.011;;;;;
509;500;5592.533;-4667.654;2.198;0.008;;;;;
519;510;5604.221;-4685.382;2.196;0.01;;;;;
529;520;5625.979;-4702.903;2.196;0.009;;;;;
539;530;5630.705;-4698.157;2.198;0.009;;;;;
549;540;5612.264;-4726.178;2.187;0.009;;;;;
559;550;5627.269;-4730.729;2.19;0.009;;;;;
569;560;5622.857;-4747.602;2.184;0.01;;;;;
579;570;5639.07;-4756.65;2.186;0.008;;;;;
589;580;5636.128;-4782.457;2.179;0.01;;;;;
599;590;5642.575;-4772.034;2.182;0.011;;;;;
609;600;5637.771;-4798.148;2.175;0.006;;;;;
619;610;5610.4;-4794.161;2.17;0.006;;;;;
629;620;5608.866;-4821.319;2.163;0.006;;;;;
639;630;5611.158;-4815.075;2.165;0.01;;;;;
649;640;5611.423;-4849.036;2.157;0.011;;;;;
659;650;5603.522;-4838.542;2.158;0.009;;;;;
669;660;5585.723;-4848.93;2.152;0.007;;;;;
679;670;5587.149;-4869.361;2.147;0.007;;;;;
689;680;5578.514;-4852.83;2.15;0.007;;;;;
699;690;5573.964;-4865.659;2.146;0.01;;;;;
709;700;5567.353;-4900.622;2.136;0.009;;;;;
719;710;5560.523;-4903.558;2.134;0.01;;;;;
729;720;5553.178;-4913.017;2.13;0.009;;;;;
739;730;5531.842;-4901.13;2.129;0.007;;;;;
749;740;5501.191;-4921.197;2.118;0.006;;;;;
759;750;5512.074;-4920.427;2.12;0.008;;;;;
769;760;5496.634;-4947.254;2.111;0.008;;;;;
779;770;5475.76;-4922.924;2.112;0.008;;;;;
789;780;5460.998;-4922.301;2.109;0.008;;;;;
799;790;5452.782;-4922.337;2.108;0.007;;;;;
809;800;5427.516;-4951.058;2.096;0.008;;;;;
819;810;5427.328;-4962.911;2.094;0.008;;;;;
829;820;5405.75;-4948.216;2.092;0.007;;;;;
839;830;5399.515;-4982.498;2.084;0.007;;;;;
849;840;5369.558;-4977.971;2.079;0.007;;;;;
859;850;5369.831;-4991.571;2.076;0.009;;;;;
869;860;5362.696;-4976.256;2.078;0.009;;;;;
879;870;5339.806;-4990.62;2.07;0.008;;;;;
889;880;5326.699;-4980.24;2.07;0.005;;;;;
899;890;5307.329;-5014.284;2.058;0.007;;;;;
909;900;5294.569;-5003.588;2.058;0.009;;;;;
919;910;5285.829;-5008.523;2.055;0.009;;;;;
929;920;5266.042;-5008.002;2.052;0.008;;;;;
939;930;5265.208;-5025.74;2.048;0.009;;;;;
949;940;5237.105;-5022.267;2.043;0.008;;;;;
959;950;5213.517;-5034.604;2.036;0.007;;;;;
969;960;5178.011;-5028.835;2.03;0.007;;;;;
979;970;5171.919;-5032.277;2.028;0.008;;;;;
989;980;5162.694;-5017.771;2.029;0.008;;;;;
999;990;5150.381;-5026.109;2.025;0.008;;;;;
1009;1000;5131.022;-5051.558;2.016;0.008;;;;;
